{"vegas": {}, "bbr": {"1": {"1": {"delay": 75.86, "loss": 0.000849446323335834, "tput": 7.069216103614431}, "all": {"delay": 75.86, "loss": 0.000849446323335834, "tput": 7.069216103614431}}}, "cubic": {"1": {"1": {"delay": 3046.516, "loss": 0.03850779485948319, "tput": 7.2250432111903145}, "all": {"delay": 3046.516, "loss": 0.03850779485948319, "tput": 7.2250432111903145}}}}