{"vegas": {}, "bbr": {"1": {"1": {"delay": 74.651, "loss": 0.00055951689371736, "tput": 7.147882256659546}, "all": {"delay": 74.651, "loss": 0.00055951689371736, "tput": 7.147882256659546}}}, "cubic": {"1": {"1": {"delay": 3013.13, "loss": 0.03648175773944684, "tput": 7.258282718907051}, "all": {"delay": 3013.13, "loss": 0.03648175773944684, "tput": 7.258282718907051}}}}